{
	"version": 1,
	"changelists": [
		{
			"guid": "00000000000000000000000000000000",
			"description": "Default Uncontrolled Changelist",
			"files": [
				"H:/RacerZ 2 5.1/Content/Maps/topdowntestlevel.umap",
				"H:/RacerZ 2 5.1/Content/NewMaterial.uasset",
				"H:/RacerZ 2 5.1/Content/strength.uasset",
				"H:/RacerZ 2 5.1/Content/speed.uasset",
				"H:/RacerZ 2 5.1/Content/bluezombies.uasset",
				"H:/RacerZ 2 5.1/Content/BluePrints/baseenemy.uasset",
				"H:/RacerZ 2 5.1/Content/BluePrints/SpeedPickup.uasset",
				"H:/RacerZ 2 5.1/Content/keydoor.uasset",
				"H:/RacerZ 2 5.1/Content/Maps/FinalRacerZ.umap",
				"H:/RacerZ 2 5.1/Content/Maps/new.umap",
				"H:/RacerZ 2 5.1/Content/Maps/new2.umap",
				"H:/RacerZ 2 5.1/Content/Maps/Untitled.umap",
				"H:/RacerZ 2 5.1/Content/Maps/new3.umap",
				"H:/RacerZ 2 5.1/Content/Maps/new4.umap",
				"H:/RacerZ 2 5.1/Content/Maps/new5.umap",
				"H:/RacerZ 2 5.1/Content/Maps/new7.umap",
				"H:/RacerZ 2 5.1/Content/BluePrints/topdowncharacter.uasset",
				"H:/RacerZ 2 5.1/Content/BluePrints/Stregnthpickup.uasset",
				"H:/RacerZ 2 5.1/Content/BluePrints/healthpickup.uasset",
				"H:/RacerZ 2 5.1/Content/BluePrints/promptwidget.uasset",
				"H:/RacerZ 2 5.1/Content/BluePrints/EndOfLevel.uasset",
				"H:/RacerZ 2 5.1/Content/BluePrints/healthpickupwidget.uasset",
				"H:/RacerZ 2 5.1/Content/BluePrints/speedpickupwidegt.uasset",
				"H:/RacerZ 2 5.1/Content/BluePrints/run.uasset",
				"H:/RacerZ 2 5.1/Content/BluePrints/Door.uasset",
				"H:/RacerZ 2 5.1/Content/BluePrints/strengthwidget.uasset",
				"H:/RacerZ 2 5.1/Content/BluePrints/runwidget.uasset",
				"/Users/franklyparks/Desktop/RacerZ/Content/Maps/topdowntestlevel.umap",
				"/Users/franklyparks/Desktop/RacerZ/Content/BluePrints/topdowncharacter.uasset",
				"/Users/franklyparks/Desktop/RacerZ/Content/BluePrints/topdownplayercontroller.uasset",
				"/Users/franklyparks/Desktop/RacerZ/Content/BluePrints/topdowngamemode.uasset",
				"/Users/franklyparks/Desktop/RacerZ/Content/BluePrints/SpeedPickup.uasset",
				"/Users/franklyparks/Desktop/RacerZ/Content/BluePrints/baseenemy.uasset",
				"/Users/franklyparks/Desktop/RacerZ/Content/BluePrints/EndOfLevel.uasset",
				"/Users/franklyparks/Desktop/RacerZ/Content/BluePrints/Levelai.uasset",
				"/Users/franklyparks/Desktop/RacerZ/Content/BluePrints/projectile.uasset",
				"/Users/franklyparks/Desktop/RacerZ/Content/BluePrints/Key.uasset",
				"/Users/franklyparks/Desktop/RacerZ/Content/BluePrints/Door.uasset",
				"/Users/franklyparks/Desktop/RacerZ/Content/BluePrints/BigDoorActor.uasset",
				"/Users/franklyparks/Desktop/RacerZ 2/Content/Maps/topdowntestlevel.umap",
				"/Users/franklyparks/Desktop/RacerZ 2/Content/BluePrints/topdowncharacter.uasset",
				"/Users/franklyparks/Desktop/RacerZ 2/Content/BluePrints/Stregnthpickup.uasset",
				"/Users/franklyparks/Desktop/RacerZ 2/Content/BluePrints/Key.uasset",
				"/Users/franklyparks/Desktop/RacerZ 2/Content/BluePrints/Door.uasset",
				"/Users/franklyparks/Desktop/RacerZ 2/Content/BluePrints/oppositedoor.uasset",
				"/Users/franklyparks/Desktop/RacerZ 2/Content/BluePrints/baseenemy.uasset",
				"/Users/franklyparks/Desktop/RacerZ 2/Content/BluePrints/oppositekey.uasset",
				"/Users/franklyparks/Desktop/RacerZ 2/Content/Maps/Untitled.umap",
				"/Users/franklyparks/Desktop/RacerZ/Content/BluePrints/SpeedPickup1.uasset",
				"/Users/franklyparks/Desktop/RacerZ/Content/topdowntestlevel.umap"
			]
		}
	]
}